num, id
13074991, 157fdb5ebe82c12cefb6d48356d79bf5646e267980a2234294a8a330a4234be7i0
13074992, a627b1231cd69a20901b275d6239884b15091bb2329a03a777067c643f0b66dei0
13074993, c24b6755d276593e7fd53499729a1f22d756b854af17cc39e4b10b5130daf748i0
13074994, f316f94f7067a8d7a5164fd4de32781a6ce2daab941bf6855a974f907727ab29i0
13077939, 576ab68cf670a05199b159ca23079cacc3d5621b9e1653438a287614e7b72c56i0
13077982, ce5e551264d6e20086cb4eab22e05364d1d1fed550d1b128f139df8f060c6f10i0
13077993, e0e025a51dca8194e3501e7a527e9de09aba71c75bd90e5cd76d3a602cacc03di0
13078017, 31d8e3f00eb85faf8827e4b33e2a187891822aaa7f3d7ebc4cc70f5d32f197c4i0
13078020, 30916a5ba63a36eb54a4bb88f8bb9cca4014c996dd853fa5f71d71baa3ed3addi0
13078212, ed160be6ce445e6ef85f2808edb0d8b63055f90601dd5e86f94025373416936ei0
13079473, 76e26481c4a160c8257b14c016f484c092b0ccef828bca033cda1aad7e06a33ei0
13079975, 728728063e254e69b278374973f30cce224fe8ee76efb3e8e7d254a492e261dfi0
13080633, 33ade70dc59b2cfbe777558adb745949a1b44ca69871320ad661329e3271c6d8i0
13081342, e56dc70b50aad0769f9c3c6c6ca593cc89f42fa443873331e2edd2fab181c290i0
13082035, 85f560acb12cb52637c9f3e132f47ec0a7cfc84bd65b1984a9b3a482f365a411i0
13083604, cadd9469fc369b12d9587e0f7f129568f5b50a6651c0adf7aa214793c374f7bci0
13083605, 66881345d56a5eddafef575da50075b3437d5defdde2c4826f48fde81332d456i0
13083623, 02205245c0e2ed23933fb4da37cf207c0554020a26cf6d4d4e26dd7b779c0423i0
13083634, c5ec7bde39b972852900947893d56f0fc39dec436bbf12c078ef5ffb93d1fc4ai0
13083664, a27c01c20c3b8d80682300a29f255b8c9bec8f71dc5315be450e6f2425aa8ea0i0
13083675, 5d18189819739ba861d60d9354777b39c6bf56a40da9d3000faf423e658dcbbai0
13083682, 2f95d81b053cefa8840e3ef8196da4b8a019d472893952e63cae3e9ff267b7c9i0
13083697, 5b534e8dfdf286d6a722dbbd09a9ad00082c241e3546728fbbbf798165c745f2i0
13083700, c352d2284179866e72c027239a7c55311544450f07a7ca84704ec528fd072afbi0
13084574, 9378c617652406db34710dde798777b1ebb75ecd797d38cdbee23eb668e7aaadi0
13084617, 8e1b48ad620f168abf940d343479294c6e8a61ec1b193c7513225e8e6de47e6ci0
13084618, 24710548e2c7b5b701e75cf97b82f51f28b200c9d958ba8e342ecf9cc3849bf8i0
13084724, 6aef8f5a03bbbeb724592d168a10563813f96eadff63f3224b45b984ccfa1142i0
13084782, 624abacd683a8d182bc70525eafa379ca0f5d427670f881d4f22f82431d19264i0
13084904, f4d61efe96457ae872504b382d0ed6edc7436bce2141a49f245e9cd3318fdbaei0
13084919, 83ab9a72ab0a49d8595f28824e6812845cd70dd1475cab7e9d9cf7c9644e0eb7i0
13085062, 38e6843ad1d4ed0fffa6bb4fac7ae9ab6e45d22a81df40b35040415820f7423di0
13085063, 40d59f44365a272bf785cad1f199dc9c2a14272b6eb436d9c71392fe43663e3ei0
13085070, e8787ce40ecd5906e810e6111caf543790a01404bce605684796e653c0fd885ai0
13085321, 2f30eb372554a101735741a7c21bd3084dbe68d29b8eba699c5f452e5ae0a29fi0
13085469, b31cfaf1a46168024bcbd41d10420c8632bfa7b288243ac78ac08f3871743894i0
13089747, 789e5bda4cda426edd21a8a2facc59850e0c8d7cdb877b273d8398a20783b067i0
13110712, 0984c32aaafbbc15ed3044d7718c9af899c2dc5435e11cdaf916f5b558f98b37i0
13110720, 1640e43a4f4474abf6d3b9b8583cc0c614fab1cb8b614a96b8bde18dd71e6b01i0
13136015, 76d7d506935a66d964b1d3803079ef1365151d3a072f08bb03437731e2cafcc2i0
13143605, 6e1b548a7a2396fb2f398d2434da6aa823df75dfe1bf81b9df6896471c9c08c7i0
13147501, b1e30d343706235afb194c1f497f399cb30d65f18e1d5a9d59dec2128f2f8972i0
